{
  "project_info": {
    "project_number": "670510567200",
    "firebase_url": "https://my-health-cb21b-default-rtdb.firebaseio.com",
    "project_id": "my-health-cb21b",
    "storage_bucket": "my-health-cb21b.appspot.com"
  },
  "client": [
    {
      "client_info": {
        "mobilesdk_app_id": "1:670510567200:android:abadcb1906923670f29145",
        "android_client_info": {
          "package_name": "appbrewer.my_health"
        }
      },
      "oauth_client": [
        {
          "client_id": "670510567200-f5a1t7rsbqvf1kbgsmusblhppa06ub3k.apps.googleusercontent.com",
          "client_type": 3
        }
      ],
      "api_key": [
        {
          "current_key": "AIzaSyB_kpT-88bsdOpv60VTQV9bLxMchvq_D3c"
        }
      ],
      "services": {
        "appinvite_service": {
          "other_platform_oauth_client": [
            {
              "client_id": "670510567200-f5a1t7rsbqvf1kbgsmusblhppa06ub3k.apps.googleusercontent.com",
              "client_type": 3
            }
          ]
        }
      }
    }
  ],
  "configuration_version": "1"
}